id,title,year,genre,poster,tgLink,category,type,pin,synopsis
m0001,Awarpan2,2026,action,https://encrypted-tbn0.gstatic.com/images?q=tbn:ANd9GcQAm0dSuLW9WvOtdzVF31H_ZhIRyfNNk2wlirQ31TowbA&s=10,https://t.me/fvmdb1/130,trending,movie,,"""Aw*ar*ap*an 2  (2026)
===================
မြန်မာစာတန်းထိုး အစအဆုံး

မကြာခင်ကမှ ရုံတင်ထားတဲ့ Hindi မင်းသားချော Emraan Hashmi ရဲ့ ဇာတ်ကားသစ်လေးဖြစ်ပါတယ် ။ 

2007 က ထွက်ခဲ့တဲ့ ဇာတ်ကားရဲ့အဆက်ပဲဖြစ်ပြီး ဒီဇာတ်ကားထဲမှာတော့ Shivam တစ်ယောက် သူ့ရဲ့ချစ်ရသူကို ဆုံးရှုံးပြီးနောက်ပိုင်း ဒုစရိုက် လောကကနေ အနားယူပြီး မိဘမဲ့ ဂေဟာ တစ်ခုနားမှာ သာမန်ဘဝလေးနဲ့ နေထိုင်နေပါတယ် ။ 

မိဘမဲ့ ဂေဟာထဲမှာတော့ Alia ဆိုတဲ့ကလေးမလေးဟာ Shivam နဲ့ အရမ်းရင်းနှီးပြီးတော့ တစ်နေ့မှာ Alia ကို မွေးစားကြမဲ့ မိသားစု ရောက်လာပါတော့တယ် ။ 

Shivam တစ်ယောက် Alia ကို စိတ်မကောင်းစွာနဲ့ မိသားစု အသစ်ဆီ လွှတ်ပေးလိုက်ရပေမယ့် တကယ်မှာတော့ Alia ကို လာမွေးစားတဲ့သူတွေက ကလေးလူကုန်ကူးတဲ့ ဂိုဏ်းက ဖြစ်နေပြီးတော့ Shivam တစ်ယောက် Alia ကိုကယ်တင်ဖို့အတွက် ဒုစရိုက်လောကထဲကို ဒုတိယအကြိမ်ပြန်ဝင်ဖို့ အကြောင်းဖန်လာတဲ့အခါမှာတော့ . . .


ရုပ်ရှင်ကြည့်ရန် Channelကို Joinပါ
https://t.me/fvmdb1

ကြည့်ရန်
https://t.me/fvmdb1/130

For Ads / Business: @familyversionads

#AWARAPAN2 #mmsub #familyversion"""
m0002,Dhamaal 4,2026,comedy,https://encrypted-tbn0.gstatic.com/images?q=tbn:ANd9GcTl3dEynaA0KxvaR41-pbQBSPe00ucLmMmxlUt2BkJUEg&s=10,https://t.me/fvmdb1/166,trending,movie,,
m0003,Death Whisperer (2023),2023,horror,https://encrypted-tbn0.gstatic.com/images?q=tbn:ANd9GcRzkfaVck97PfAr8XnOeehoysBXOLmO8eVk8RZYkt4c5RD9SdhoHlGmCWc&s=10,https://t.me/wefilmmmsub/519,,movie,,
m0004,Death Whisperer 2 (2024) aka Tee Yod 2,2024,horror,https://encrypted-tbn0.gstatic.com/images?q=tbn:ANd9GcRtOt0N98tQOEWLfxdcmAah9l-28sE1UbqofljySk7B_g&s=10,https://t.me/wefilmmmsub/520,,movie,,
m0005,Death Whisperer 3,2025,horror,https://encrypted-tbn0.gstatic.com/images?q=tbn:ANd9GcSFozYNFfglz-rJkldqZAnRhRehd9n47FRSQKidAlg_tevAFcBiWhriK16u&s=10,https://t.me/wefilmmmsub/521,,movie,,
m0006,Yodha,2024,action,https://encrypted-tbn0.gstatic.com/images?q=tbn:ANd9GcRblVd-WHZafYUntJtsNaTkW_PDWhcdb2YvMbSakZNjuA&s=10,https://t.me/wefilmmmsub/522,,movie,,
m0007,Thugs of Hindostan,2018,"action, comedy",https://encrypted-tbn0.gstatic.com/images?q=tbn:ANd9GcRvvdLC5-B4QNtdK59y7UGnE2HSwyftFewVgX7DvKJL6g&s=10,https://t.me/wefilmmmsub/523,,movie,,
m0008,Kafir: Gerbang Sukma,2026,horror,https://encrypted-tbn0.gstatic.com/images?q=tbn:ANd9GcTKm_kSXq5J6E_7T5L42de2T82UjNwqPVGJEV1ZJ4Sq7A&s=10,https://t.me/wefilmmmsub/524,,movie,,
m0009,The Warriorr,2022,action,https://encrypted-tbn0.gstatic.com/images?q=tbn:ANd9GcQGvd4J-nM_6GU_xNuWIunF69suF1X9JDBSMpwLFVwEQw&s=10,https://t.me/wefilmmmsub/525,,movie,,
m0010,Sadali,2026,"darma,romance",https://encrypted-tbn0.gstatic.com/images?q=tbn:ANd9GcTCtZzz0fuDYaDCfrdjhgADFjCAJ6vsWwiFaw1Nt-hdvbUVNlsQAG8bSUg&s=10,https://t.me/wefilmmmsub/527,,movie,,
m0011,Dooradarshini,2026,"darma,romance",https://encrypted-tbn0.gstatic.com/images?q=tbn:ANd9GcRHRtyJ_BOIaHdQWAJdsgg7gCRe0M9YkVQmrvOA0YuFXQ&s=10,https://t.me/wefilmmmsub/528,,movie,,
m0012,Backrooms,2022,"scifi, horror",https://encrypted-tbn0.gstatic.com/images?q=tbn:ANd9GcSKD5rskaBMr3e159jfKFpNUjiMBbBMobvfSpyNcZP3vIF1TmwOIpr4FK8&s=10,https://t.me/wefilmmmsub/529,,movie,,
m0013,Mazka,2022,"romance, comedy",https://encrypted-tbn0.gstatic.com/images?q=tbn:ANd9GcThmUeWkd4jbUcACo5kyrRpcPPqMLVIg9vRB4THwbRd5w&s=10,https://t.me/wefilmmmsub/530,,movie,,
m0014,Flavia,2026,adventure,https://encrypted-tbn0.gstatic.com/images?q=tbn:ANd9GcQri5i8yQAoF1Z-W3N9Eq96dz7JZtVDlnKbMEk7j1vKvA&s=10,https://t.me/wefilmmmsub/531,,movie,,
m0015,In the grey,2026,"action, adventure",https://encrypted-tbn0.gstatic.com/images?q=tbn:ANd9GcRBxjFuuMAdexrdyGLosi0pQhvsxoTYAIokRZIR5I6Q3c6I5pxpNDPy_YY&s=10,https://t.me/wefilmmmsub/532,trending,movie,,
m0016,Dream Theatre,2020,scifi,https://encrypted-tbn0.gstatic.com/images?q=tbn:ANd9GcSnxMi2trrbkgzE7-CD3MyHGCao_MgoOX5H5zb5qO2nCQ&s=10,https://t.me/wefilmmmsub/533,,movie,,
m0017,Blind Cop 2,2025,action,https://encrypted-tbn0.gstatic.com/images?q=tbn:ANd9GcSjyb7_VRdPF9bRfkpofDxC8TXU4rtu5VUZ_F5Rfq6Oaw&s=10,https://t.me/wefilmmmsub/534,,movie,,
m0018,The Odyssey,2026,"action, history",https://encrypted-tbn0.gstatic.com/images?q=tbn:ANd9GcRKy9aM15GSDRRxGXgXqWJX70HZ_NZWNZze_Pa1D99AI9E_6y2YXM6MCfEW&s=10,https://t.me/fvmdb1/65,trending,movie,,
m0019,Jewel Thief - The Heist Begins,2025,action,https://encrypted-tbn0.gstatic.com/images?q=tbn:ANd9GcTQ-vy_DF_FVFp672ELX5kPv2MvpoCvukmX-PjKV1TbQQ&s=10,https://t.me/wefilmmmsub/537,,movie,,
m0020,kung fu soccer,2026,"sport, action, comedy",https://encrypted-tbn0.gstatic.com/images?q=tbn:ANd9GcRj-3D32KqHS-mu5kkTs7yFJv_og1DyKaw2BQM8YGkswBFl8YtjZJxtDlG8&s=10,https://t.me/fvmdb1/73,trending,movie,,
m0021,The Age of Blood ,2017,"history, action",https://encrypted-tbn0.gstatic.com/images?q=tbn:ANd9GcTAZ-QpchI1Z7y87fp4R7Bmo4D1m7Wd8UJFIw6yYK02Cg&s=10,https://t.me/wefilmmmsub/540,,movie,,
m0022,The captain ,2019,action,https://encrypted-tbn0.gstatic.com/images?q=tbn:ANd9GcTsLkCzCcZgGoLfYdmZFLeaToQxYy-IjRdNsmyjhr4sLg&s=10,https://t.me/wefilmmmsub/541,,movie,,
m0023,The Pirates,2014,"action, comedy",https://encrypted-tbn0.gstatic.com/images?q=tbn:ANd9GcR-l7_YJNZdCd0lgMaMXE9GxyiBUYzxpyynaF0EtJp3Bz6OdHNi9eNkYWU&s=10,https://t.me/wefilmmmsub/542,,movie,,
m0024,The Pirates: The Last Royal Treasure,2022,"action, comedy",https://encrypted-tbn0.gstatic.com/images?q=tbn:ANd9GcTzFr4X7clo6zYg7zCd5QQ1W9B3hG_SWQ6qDyQssJUnRCwiZe_DkWpLq0fh&s=10,https://t.me/wefilmmmsub/543,trending,movie,,
m0025,Total Dhamal,2019,"action, comedy",https://encrypted-tbn0.gstatic.com/images?q=tbn:ANd9GcRuwkRmwqp7cO0SHmLulbuQmsOm1rvT2_OvBbq__oPwhWKUjFoHHEKSv2dz&s=10,https://t.me/wefilmmmsub/544,trending,movie,,
m0026,Maa Inti Bangaaram,2026,"action, india",https://encrypted-tbn0.gstatic.com/images?q=tbn:ANd9GcQrKVGG-qPt-SsJQe7sgWUDZa6N4DT3n7UgXwYqogzEEA&s=10,https://t.me/fvmdb1/63,,movie,,
m0027,master of the universe,2026,"action, comedy",https://encrypted-tbn0.gstatic.com/images?q=tbn:ANd9GcSQHf-7VuByS16Kf7URrXnkd44Yu_oFYNlHPhETxDDKfg&s=10,https://t.me/fvmdb1/64,,movie,,
m0028,Brick,2025,mystery,https://encrypted-tbn0.gstatic.com/images?q=tbn:ANd9GcRiIYpu-C7tXDBo_lo-RIV81yka2Qoy_HcBNlEodJxbFHZw57grLltXKiqi&s=10,https://t.me/fvmdb1/67,,movie,,
m0029,Scary Movies,2026,comedy,https://encrypted-tbn0.gstatic.com/images?q=tbn:ANd9GcRnd_pKQ4YIPSYGNiS-vG9DGZjiyesu5yYAQJKM_WiN_yCB96p2Iv70RL1q&s=10,https://t.me/fvmdb1/68,trending,movie,,
m0030,Jungle Cruise,2021,"action, comedy",https://encrypted-tbn0.gstatic.com/images?q=tbn:ANd9GcTbs46kPIK0g7keH2USW9nJYjuft4EZBkFrYSVZslcHJPXBBA8RMJLH7bY&s=10,https://t.me/fvmdb1/69,,movie,,
m0031,Colony,2026,"scifi, horror",https://encrypted-tbn0.gstatic.com/images?q=tbn:ANd9GcSCAlue28c6xyt1aydboCkqBTtCnHlynAe3GFDLmDnjXW9hINtqkS6tkr-N&s=10,https://t.me/fvmdb1/70,trending,movie,,
m0032,Troy,2004,"history, action",https://encrypted-tbn0.gstatic.com/images?q=tbn:ANd9GcRLmLEUl-JERU91WQ5-J4U9_cGpGMYgcy1Pb-u86ar-ng&s=10,https://t.me/fvmdb1/71,trending,movie,,
m0033,inception,2010,"scifi, action",https://encrypted-tbn0.gstatic.com/images?q=tbn:ANd9GcTsgXAndLrxHe5wGOIBGs961Km6D9ckI8LJ8lWGlh75pg&s=10,https://t.me/fvmdb1/72,,movie,,
m0034,Super Girl,2026,"dcu, action",https://encrypted-tbn0.gstatic.com/images?q=tbn:ANd9GcTp3-ofXS1okqP8foA_TZzrXAx0H4ACKcnGEhx9DCN3h0-8EpbIPgZFGSs&s=10,https://t.me/fvmdb1/74,,movie,,
m0035,All wish come true,2026,"animation, action",https://encrypted-tbn0.gstatic.com/images?q=tbn:ANd9GcSl39XeAwPkK6Gb9sus8nPqH2qBFGEPARdUKnjsBmJdLg&s=10,https://t.me/fvmdb1/75,,movie,,
m0036,daaku maharaaj,2025,action,https://encrypted-tbn0.gstatic.com/images?q=tbn:ANd9GcQz7OWh0-o_K8UU_bR099FoxIip5BE-MQc2nGee6SyrVQ&s=10,https://t.me/fvmdb1/76,,movie,,
m0037,Ready or not,2019,action,https://encrypted-tbn0.gstatic.com/images?q=tbn:ANd9GcS5I8nXQ2LdQAP8VI_jtW9FFJNaEk-c3FsGTwzJY46qxA&s=10,https://t.me/fvmdb1/77,trending,movie,,
m0038,Ready or not 2,2026,action,https://encrypted-tbn0.gstatic.com/images?q=tbn:ANd9GcSxCKu00pK_6a1rs0Afwe0rV_h_43buDG2jHyr_hGvU36HTqZenyfU1HtM&s=10,https://t.me/fvmdb1/78,trending,movie,,
m0039,WarDriver,2026,"action, hacker",https://encrypted-tbn0.gstatic.com/images?q=tbn:ANd9GcTUAAha_dup6GEGl50JWO02O6gnV8aVtVzHLilnjqFUqtFMu-CkxQPUaUom&s=10,https://t.me/fvmdb1/79,trending,movie,,
m0040,Southpaw,2015,"sport, action",https://encrypted-tbn0.gstatic.com/images?q=tbn:ANd9GcRXVQCO-Go3CCEVyQlOrNOd5tRg1N6UF1O5nEQM8zY29LeoU9r7g44wakxU&s=10,https://t.me/fvmdb1/80,trending,movie,,
m0041,Warfare,2025,action,https://encrypted-tbn0.gstatic.com/images?q=tbn:ANd9GcSrUBeSi5URjLnR9DKeB5iS99q0__8yjnZ2XaEV3yN4kbwwjT1kJSezDcw&s=10,https://t.me/fvmdb1/81,,movie,,
m0042,Zodiac,2007,action,https://encrypted-tbn0.gstatic.com/images?q=tbn:ANd9GcSoFDnkuvHRAf_wL7CUvLF0X5jd1yatVNaLgLXWzxa1QqxYDd6aZGUK-94&s=10,https://t.me/fvmdb1/83,,movie,,
m0043,Boss,2025,"action, comedy",https://encrypted-tbn0.gstatic.com/images?q=tbn:ANd9GcSuNpNS1S90QcqxUOLvlCH8mPYMKMN8IxlrVnhd8-vj4bQLjKVme7XAMUsS&s=10,https://t.me/fvmdb1/84,trending,movie,,
m0044,500 day of summer,2009,"romance, comedy",https://encrypted-tbn0.gstatic.com/images?q=tbn:ANd9GcS8TWL81H_b6_M6W_YDg0QgNjtZZNHQQ2_srYJOwcTxoQtvE9AstkcBQ-8T&s=10,https://t.me/fvmdb1/85,trending,movie,,
m0045,The Ghoul,2020,"horror, comedy",https://encrypted-tbn0.gstatic.com/images?q=tbn:ANd9GcTPhkGwffseHOvCzoMmQBbZMqJy4M669KFMM44XTtWEjg&s=10,https://t.me/fvmdb1/86,trending,movie,,
m0046,Big Match,2014,action,https://encrypted-tbn0.gstatic.com/images?q=tbn:ANd9GcRs0BE6-t-lP4G75WqHtTAg2C2t7yGxXc5Z5CaAuExPYw&s=10,https://t.me/fvmdb1/87,trending,movie,,
m0047,The Substance,2024,"body horror, horror",https://encrypted-tbn0.gstatic.com/images?q=tbn:ANd9GcTjzPPzX10HZ3z9cIWhcd5I7IEhgiHwh94EjIcOL7lZVCzRYDAYWEpcVBkU&s=10,https://t.me/fvmdb1/88,trending,movie,,
m0048,tay anh giữ một vì sao,2025,comedy,https://encrypted-tbn0.gstatic.com/images?q=tbn:ANd9GcSPT5FHFiaB4jAexC2qDRdOb81z2nRn-YG7xckvdhNWlQ&s=10,https://t.me/fvmdb1/89,,movie,,
m0049,Blast,2026,action,https://encrypted-tbn0.gstatic.com/images?q=tbn:ANd9GcRdUapSBeIfAFuIZSKDAJPrXDXcDAoH3RuJTJu996sXAKGVSTeteMx5nSSb&s=10,https://t.me/fvmdb1/90,trending,movie,,
m0050,Welcom to the jungle,2026,comedy,https://encrypted-tbn0.gstatic.com/images?q=tbn:ANd9GcQ8y-XfXzbtPaVKUCkJRuHjTSIUowAW9-iX-u5ACB1Ubw&s=10,https://t.me/fvmdb1/91,,movie,,
m0051,Ghost in the cell,2025,horror,https://encrypted-tbn0.gstatic.com/images?q=tbn:ANd9GcTzntxtuo9j5Ht_-K8FTq7-BQ1e2DL1h75XF-whTJP0Eg&s=10,https://t.me/fvmdb1/92,,movie,,
m0052,Baby Driver,2017,action,https://encrypted-tbn0.gstatic.com/images?q=tbn:ANd9GcQN8sZ9Mz8jq1_u1zCYcet-dU-Sll8_eTSDAMJF4w3f8g&s=10,https://t.me/fvmdb1/93,trending,movie,,
m0053,Yakuza Princess,2021,action,https://encrypted-tbn0.gstatic.com/images?q=tbn:ANd9GcRLutzs8BDw7_6zsEdagEJ51_qGgyMfzCwEF69IG3FSRw&s=10,https://t.me/fvmdb1/94,trending,movie,,
m0054,Mutiny,2026,action,https://encrypted-tbn0.gstatic.com/images?q=tbn:ANd9GcTrkBEzGVa4ihNy0KKLgW88CISRp97UiZibUInJvBGRQg&s=10,https://t.me/fvmdb1/95,,movie,,
m0055,6/45,2022,comedy,https://encrypted-tbn0.gstatic.com/images?q=tbn:ANd9GcTGpwPT-a31D5ChIEH8ONfruban5N0IAG-4AjsKudL7lg&s=10,https://t.me/fvmdb1/97,trending,movie,,
m0056,Kumki 2,2025,drama,https://encrypted-tbn0.gstatic.com/images?q=tbn:ANd9GcQu14tHRQWXyF375O13Fb9qzfydDmAxXomr-1hpUuPKzA&s=10,https://t.me/fvmdb1/98,,movie,,
m0057,sosok ketiga ,2023,horror,https://encrypted-tbn0.gstatic.com/images?q=tbn:ANd9GcRvGN2jz2cRj0Mqi39BMfDzSu3oxZDSyl-P3rPslm_NUmTDdM6myRZdy3M&s=10,https://t.me/fvmdb1/99,,movie,,
m0058,Send Help,2026,action,https://encrypted-tbn0.gstatic.com/images?q=tbn:ANd9GcSE3Ed1Rdg6WpR_vaH2j4DMkgoMNnLnY-qmZXb_cMasWcePyvt69o0B6a4&s=10,https://t.me/fvmdb1/100,,movie,,
m0059,Jaat,2025,action,https://encrypted-tbn0.gstatic.com/images?q=tbn:ANd9GcRv4u44S5CUgN7AHaG5tlEPZ6aOv-6ZIqnivVf4xZpUY3H7F0kFqDCqFjnr&s=10,https://t.me/fvmdb1/101,,movie,,
m0060,Netrikann,2021,action,https://encrypted-tbn0.gstatic.com/images?q=tbn:ANd9GcQg5M_P0p1MRijnNaQwI5FdGrbW-QVA9JWM8V71PZ88cg&s=10,https://t.me/fvmdb1/102,trending,movie,,
m0061,Taxi 5,2018,comedy,https://encrypted-tbn0.gstatic.com/images?q=tbn:ANd9GcQKgLmOHJuK03-1ZnW2BhaKbuhYoUWlw__xM6GpCZkDXQ&s=10,https://t.me/fvmdb1/103,,movie,,
m0062,Baahubali 2: The Conclusion,2017,"action, history, india",https://encrypted-tbn0.gstatic.com/images?q=tbn:ANd9GcQGPI2wipTukoF2bqdptUlULs2wNHj5u4-ABA3L3hcdQA&s=10,https://t.me/fvmdb1/104,,movie,,
m0063,alpha,2026,action,https://encrypted-tbn0.gstatic.com/images?q=tbn:ANd9GcRsNaO7B7u_jrmyYHOoVAqwR_FglTMK7qMYsfTluLaVbA&s=10,https://t.me/fvmdb1/105,trending,movie,,
m0064,The undertaker,2023,horror,https://encrypted-tbn0.gstatic.com/images?q=tbn:ANd9GcR-0J778ppfnMPRMntbnngikJJZYkN-gpMkvAF5KOmPGrH0-cBoWo3EpEc&s=10,https://t.me/fvmdb1/106,,movie,,
m0065,Men of Plastic,2022,comedy,https://encrypted-tbn0.gstatic.com/images?q=tbn:ANd9GcS9T_cGUUeb-Pz7WZBb8T-q1jAt338_v1EbRdiObk-6cQ&s=10,https://t.me/fvmdb1/107,,movie,,
m0066,The thunderstruck cop,2025,comedy,https://encrypted-tbn0.gstatic.com/images?q=tbn:ANd9GcQLlDWFQ8b9m6Qg0J_gs27tNm3V9E5e-QuwYv3StC90xQ&s=10,https://t.me/fvmdb1/108,,movie,,
m0067,Miss granny,2014,comedy,https://encrypted-tbn0.gstatic.com/images?q=tbn:ANd9GcRf3drYvGbQemra-csoqMtwJ4dLiujLf4QYZ8M3cz9eyw&s=10,https://t.me/fvmdb1/109,trending,movie,,
m0068,Love Sync,2026,drama,https://encrypted-tbn0.gstatic.com/images?q=tbn:ANd9GcTBQLOcCQ5B2TZ4mkDPVGNi_Qnc5PaoY2mktFPs5um5XkEOXPmKcPgqiwsM&s=10,https://t.me/familyseries01/27,,series,,"Lo_ve in Sy_nc (2026)
Genre: Romance / Comedy / Drama

ခေတ်သစ်လူနေမှုဘဝမှာ အချိန်ကိုက်ချစ်ခြင်းတရားကို ရှာဖွေတွေ့ရှိဖို ကြိုးစားကြတဲ့ လူငယ်နှစ်ဦးရဲ့ ကြည်နူးဖွယ် အချစ်ဇာတ်လမ်းလေးဖြစ်ပါတယ်။ မတူညီတဲ့ ဘဝနောက်ခံနဲ့ အလုပ်အကိုင်တွေကြားကနေ မမျှော်လင့်ဘဲ ဆုံတွေ့ခဲ့ကြပြီးနောက် သူတိုရဲ့ ရင်ခုန်သံတွေ စတင်စည်းချက်ညီလာပုံကို စိတ်ဝင်စားဖွယ် တွေ့မြင်ရမှာပါ။

နားလည်မှုလွဲမှားခြင်းတွေနဲ့ နေ့စဉ်ဘဝရဲ့ စိန်ခေါ်မှုတွေကို အတူတူ ဖြတ်သန်းရင်း အချစ်စစ်ဆိုတာ အချိန်အခါသင့်မှုထက် အပြန်အလှန် ညှိနှိင်းနားလည်ပေးနိုင်မှုအပေါ်မှာ ပိုမိုမူတည်ကြောင်း ဖော်ပြထားတဲ့ ရိုမန့်တစ်ဒရာမာ ဇာတ်ကားကောင်းတစ်ပုဒ် ဖြစ်ပါတယ်။"
m0069,The Early Spring,2026,drama,https://encrypted-tbn0.gstatic.com/images?q=tbn:ANd9GcR8SRksbxuaVGJo2X0KlciMEZFBxoRF-9PkiCiTKBC5SQ&s=10,https://t.me/familyseries01/28,trending,series,,
m0070,Four Hands Two Sonatas,2026,drama,https://encrypted-tbn0.gstatic.com/images?q=tbn:ANd9GcTFWuiSMKF8vP__BOgmWQlZoOKJEg24DYOFDg2t_Iri4cdalufSRZYXEUjQ&s=10,https://t.me/familyseries01/26,,series,,"Fo_ur Ha_nds, Tw_o Son_at_as (2026)
Genre: Drama / Music

ဂီတလောကမှာ ထူးချွန်ထက်မြက်တဲ့ စန္ဒရားပညာရှင်နှစ်ဦးဟာ အထူးဖျော်ဖြေပွဲတစ်ခုအတွက် လက်တွဲပြီး စန္ဒရားလက်လေးဖက်တွဲ တီးခတ်မှုတစ်ခုကို အတူတကွ ဖန်တီးရန် အကြောင်းဖန်လာခဲ့ပါတယ်။ မတူညီတဲ့ နောက်ခံသမိုင်းနဲ့ စရိုက်လက္ခဏာတွေ ရှိကြတဲ့ သူတိုနှစ်ဦးဟာ အနုပညာဖန်တီးမှုအပေါ် ထားရှိတဲ့ ပြင်းပြတဲ့စိတ်ဆန္ဒချင်း တူညီကြပေမဲ့ အစပိုင်းမှာတော့ အမြင်မတူမှုတွေနဲ့ အပြိုင်အဆိုင် သဘောထားတွေ ရင်ဆိုင်ကြုံတွေ့ရပါတယ်။

အတူတကွ အချိန်ယူလေ့ကျင့်ရင်း အပြန်အလှန် နားလည်မှုတွေ တည်ဆောက်လာကြသလို သူတိုရဲ့ ဘဝဒဏ်ရာတွေနဲ့ စိတ်ခံစားချက်တွေကိုပါ သံစဉ်တွေကတစ်ဆင့် မျှဝေခံစားလာကြရပါတယ်။ ဂီတအနုပညာရဲ့ နက်ရှိင်းမှု၊ လူသားတိုရဲ့ ဆက်ဆံရေးနဲ့ ရင်တွင်းခံစားချက်တွေကို ရသမြောက်စွာ ပေါင်းစပ်ရိုက်ကူးထားတဲ့ စိတ်လှုပ်ရှားဖွယ် ဒရာမာရုပ်ရှင်ကား ဖြစ်ပါတယ်။"
m0071,Arcane,2021-2024,"action, crime, anime",https://m.media-amazon.com/images/M/MV5BYjA2NzhlMDItNWRmZC00MzRjLWE3ZjAtZjBlZDAwOWY2ODdjXkEyXkFqcGc@._V1_.jpg,https://t.me/familyseries01/25,trending,series,,"Ar_ca_ne (2021-2024)
IMDb: 9.0  |  Genre: Animation / Action / Sci-Fi

ချမ်းသာကြွယ်ဝပြီး နည်းပညာထွန်းကားတဲ့ ပီလ်တိုဗာမြိုတော်နဲ့ ဆင်းရဲမွဲတေပြီး အမှောင်ထုဖုံးလွှမ်းနေတဲ့ ဇောင်းမြေအောက်မြိုတော်တိုအကြား ဖြစ်ပွားလာတဲ့ တင်းမာမှုတွေကို အခြေခံထားပါတယ်။ ညီအစ်မနှစ်ဦးဖြစ်ကြတဲ့ ဗွီနဲ့ ဂျင်းစ်တိုဟာ မတူညီတဲ့ အခြေအနေတွေနဲ့ ရင်ဆိုင်ကြုံတွေ့ရတစတင်ဖြစ်ပွားလာပါတော့တယ်။့ အချင်းချင်းရန်သူတွေအဖြစ် လမ်းခွဲခဲ့ကြရပါတယ်။

မှော်ပညာနဲ့ သိပ္ပံပညာကို ပေါင်းစပ်ဖန်တီးထားတဲ့ နည်းပညာအသစ်တွေ ထွက်ပေါ်လာချိန်မှာတော့ မြိုတော်နှစ်ခုကြား စစ်ပွဲကြီးတစ်ခု မလွဲမသွေ စတင်ဖြစ်ပွားလာပါတော့တယ်။ ဆန်းသစ်လှပတဲ့ ရုပ်ထွက်ဒီဇိုင်းတွေနဲ့ ဇာတ်အိမ်ခိုင်မာလှပြီး ပရိသတ်တွေ အထူးကြိုက်နှစ်သက်ခဲ့တဲ့ Animation ဇာတ်လမ်းတွဲကောင်းတစ်ခု ဖြစ်ပါတယ်။

ရုပ်ရှင်ကြည့်ရန် Channelကို Joinပါ
https://t.me/addlist/58gZNGQ86uJiOWE9

ကြည့်ရန်
Arcane Season1& 2
https://t.me/familyseries01/25

For Ads / Business: @familyversionads

#Series #mmsub #Arcane #Animation #familyversion"
m0072,Flex x cop 2,2026,drama,https://encrypted-tbn0.gstatic.com/images?q=tbn:ANd9GcRZezpW6qROGf3FdnckF4w9SGKR8hP6hZxrdKajnKoIlbrZuM7aqvyo1WzK&s=10,https://t.me/familyseries01/24,,series,,"Fl_ex X C_op 2 (2026)
Genre: Action / Comedy / Crime

ချမ်းသာကြွယ်ဝတဲ့ သူဌေးသားလေး ဂျင်အီဆူဟာ စုံထောက်တစ်ယောက်အဖြစ် ဝင်ရောက်တာဝန်ထမ်းဆောင်ရင်း မထင်မှတ်ထားတဲ့ အမှုအခင်းတွေကို ဖြေရှင်းခဲ့ပြီးနောက် အခုဒုတိယရာသီမှာ ပိုမိုကြီးမားရှုပ်ထွေးတဲ့ ရာဇဝတ်မှုတွေနဲ့ ရင်ဆိုင်ရပြန်ပါတယ်။ သူဌေးသားပီပီ ကိုယ်ပိုင်ငွေကြေးနဲ့ အဆက်အသွယ်တွေကို အသုံးချပြီး ရဲစုံထောက်အဖွဲနဲ့အတူ မတရားမှုတွေကို ဆက်လက်တိုက်ဖျက်သွားမှာ ဖြစ်ပါတယ်။

အဖွဲခေါင်းဆောင် လီဂန်ဟျွန်းနဲ့ အဖွဲသားတွေအကြား ပိုမိုခိုင်မာလာတဲ့ စည်းလုံးညီညွတ်မှုတွေ၊ လျှိဝှက်နက်နဲတဲ့ အမှုသစ်တွေကို အက်ရှင်ဟာသ ဇာတ်မြူးဆန်ဆန် အမိုက်စားဖော်ထုတ်ပြသသွားမှာဖြစ်တာကြောင့် ပရိသတ်တွေ လက်မလွှတ်တမ်း စောင့်မျှော်ကြည့်ရှုသင့်တဲ့ ဇာတ်လမ်းကောင်းတစ်ခု ဖြစ်ပါတယ်။
"
m0073,See You At Work Tomorrow,2026,drama,https://m.media-amazon.com/images/M/MV5BMzFlOTNiMzItNWNiZS00ODIzLWIxODMtYjc4ZjI2N2I4MjI2XkEyXkFqcGc@._V1_FMjpg_UX1000_.jpg,https://t.me/familyseries01/23,trending,series,,"S_ee You at W_ork Tom_orrow (2026)
Genre: Comedy / Drama

နေ့စဥ်ရုံးတက်ရုံးဆင်းဘဝရဲ့ ပင်ပန်းနွမ်းနယ်မှုတွေကြားက လုပ်ငန်းခွင်အတွေ့အကြုံတွေကို ဟာသနဲ့ ဒရမ်မာရောစပ်ပြီး ပေါ့ပေါ့ပါးပါး ရိုက်ကူးတင်ဆက်ထားပါတယ်။ ရုံးတွင်းဆက်ဆံရေးတွေ၊ အလုပ်ခွင်ဖိအားတွေနဲ့ ရည်မှန်းချက်တွေကြားက လူငယ်တွေရဲ့ ရုန်းကန်ရပုံကို စိတ်ဝင်စားဖွယ် တွေ့မြင်ရမှာပါ။

တစ်နေ့တာပြီးဆုံးသွားတိုင်း မနက်ဖြန်အလုပ်မှာ ပြန်တွေ့ကြမယ်ဆိုတဲ့ စကားတစ်ခွန်းနဲ့အတူ ထပ်ခါတလဲလဲ ဖြတ်သန်းနေရတဲ့ ဘဝအမောတွေကို ရသမြောက်စွာ ပုံဖော်ထားတာကြောင့် ရုံးဝန်ထမ်းတိုင်း ကိုယ်တိုင်ကြုံတွေ့နေရသလို ခံစားရစေမယ့် ဇာတ်ကားကောင်းတစ်ပုဒ် ဖြစ်ပါတယ်။"
m0074,Doctor on the Edge,2026,drama,https://encrypted-tbn0.gstatic.com/images?q=tbn:ANd9GcQtmsvzeeABkRIOT3eTOfFRC5yV9t9Tfh0QKfRo-9L2VkvDt1rP-EmtJ_M&s=10,https://t.me/familyseries01/22,trending,series,,"Doc_tor on the E_dge (2026)
Genre: Drama / Thriller

ဖိအားများပြားလှတဲ့ အရေးပေါ်ကုသရေးဌာနတစ်ခုမှာ တာဝန်ထမ်းဆောင်နေတဲ့ ကျွမ်းကျင်ဆရာဝန်တစ်ဦးဟာ နေ့စဉ်မမျှော်လင့်ထားတဲ့ အကျပ်အတည်းတွေနဲ့ ရင်ဆိုင်ကြုံတွေ့နေရပါတယ်။ လူနာတွေရဲ့ အသက်ကို ကယ်တင်ဖို အချိန်နဲ့အမျှ ကြိုးစားနေရသလို သူ့ရဲ့ကိုယ်ပိုင်ဘဝနဲ့ စိတ်ပိုင်းဆိုင်ရာ ဖိစီးမှုတွေကိုလည်း မဖြစ်မနေ ထိန်းချုပ်ကျော်လွှားရဖို ရုန်းကန်ရပုံကို တွေ့မြင်ရမှာဖြစ်ပါတယ်။

တစ်ဖက်မှာလည်း ဆေးရုံတွင်း လျှိဝှက်ချက်တွေနဲ့ မသမာမှုတချိုကို ရိပ်မိလာတဲ့အခါ အန္တရာယ်ကြီးမားတဲ့ အခြေအနေတစ်ခုထဲ မလွှမရှောင်သာ ကျရောက်သွားပါတော့တယ်။ လူ့ကျင့်ဝတ်နဲ့ အသက်ရှင်သန်ရေးတိုအကြား ဘယ်လိုခက်ခဲတဲ့ ဆုံးဖြတ်ချက်တွေ ချမှတ်သွားမလဲဆိုတာကို ရင်ခုန်စွာ ကြည့်ရှုရမယ့် ဆေးပညာဆိုင်ရာ သည်းထိတ်ရင်ဖို ဇာတ်ကားကောင်းတစ်ခု ဖြစ်ပါတယ်။"
m0075,Mersal,2017,action,https://encrypted-tbn0.gstatic.com/images?q=tbn:ANd9GcSMEIx43i7rbrlrV9bO2OglRlcXQlKWM8IYPqUR3en8ARBryfMBlJLhZRA&s=10,https://t.me/wefilmmmsub/638,collection,movie,,"M_er_sal (2017)
IMDb: 7.6  |  Genre: Action / Thriller

မာရန် အမည်ရှိတဲ့ စေတနာရှင်ဆရာဝန်တစ်ဦးဟာ ဆင်းရဲသားလူနာတွေကို ငွေကြေးအနည်းငယ်နဲ့ ကုသပေးနေသူဖြစ်ပါတယ်။ ဒါပေမဲ့ ဆေးလောကမှာ မသမာမှုတွေကျူးလွန်နေတဲ့ နာမည်ကြီးဆရာဝန်တချို့ ဆက်တိုက်ပြန်ပေးဆွဲ အသတ်ခံရမှုတွေ ဖြစ်ပွားလာတဲ့အခါ မာရန်ဟာ အဓိကသံသယရှိသူအဖြစ် ရဲတပ်ဖွဲ့ရဲ့ ဖမ်းဆီးခြင်းကို ခံရပါတော့တယ်။

အဲဒီနောက်မှာတော့ မျက်လှည့်ပညာရှင် ဗက်ထရီရဲ့ လျှို့ဝှက်ချက်တွေနဲ့အတူ အတိတ်က သူတို့မိသားစုအပေါ် မတရားကျူးလွန်ခဲ့တဲ့ ဆေးလောကရဲ့ အကျင့်ပျက်ခြစားမှုတွေကို တရားမျှတမှု ပြန်လည်ဖော်ထုတ်ဖို့ ကြိုးပမ်းကြပုံကို အက်ရှင်အပြည့်နဲ့ စိတ်လှုပ်ရှားဖွယ် ရိုက်ကူးတင်ဆက်ထားပါတယ်။

ရုပ်ရှင်ကြည့်ရန် Channelကို Joinပါ
https://t.me/fvmdb1

ကြည့်ရန်
https://t.me/fvmdb1/146

For Ads / Business: @familyversionads

#Movie #mmsub #Mersal #Action #familyversion"
m0076,VELAYUDHAM,2011,action,https://encrypted-tbn0.gstatic.com/images?q=tbn:ANd9GcT_bER0ytUceq-UH64dtC9O3bWMhWAfsbMGGJEzPgF0vYk05YXECQiOG0lD&s=10,https://t.me/fvmdb1/129,collection,movie,,"V_ELAY-UDHAM (2011)

ရွာငယ်လေးမှ နို့သည်လူရွယ် Velayudham သည် ချစ်လှစွာသော ညီမလေး Kaveri ၏ မင်္ဂလာစရိတ်အတွက် မြို့တော် ချန်နိုင်းသို့ ရောက်ရှိလာခဲ့သည်။ တစ်ဖက်တွင်လည်း မှုခင်းသတင်းထောက်မလေး Bharathi သည် အကြမ်းဖက်သမားများနှင့် အဂတိလိုက်စားသူများကို ခြောက်လှန့်ရန် 'Velayudham' အမည်ရှိ မမြင်နိုင်သော စိတ်ကူးယဉ်သူရဲကောင်းတစ်ဦးကို သတင်းမီဒီယာများမှတစ်ဆင့် ဖန်တီးလိုက်သည့်အခါ မတော်တဆ တိုက်ဆိုင်မှုများ စတင်လာခဲ့သည်။

မထင်မှတ်ဘဲ အကြမ်းဖက်သမားများ၏ အကြံအစည်များကို ဝင်ရောက်ဖျက်ဆီးမိရာမှ လူထုတစ်ရပ်လုံးက သူ့ကို တကယ့်ကယ်တင်ရှင်အဖြစ် သတ်မှတ်လာကြသည်။ အန္တရာယ်ကြီးမားသော အကြမ်းဖက်ဂိုဏ်းခေါင်းဆောင်များ၏ ရန်ကို မျက်နှာဖုံးစွပ်ကာ အမှန်တရားအတွက် တိုက်ပွဲဝင်သွားမည့် မင်းသားကြီး ဗီဂျေး၏ ဒဏ္ဍာရီဆန်ဆန် အက်ရှင်ဇာတ်ကားကောင်းတစ်ကား ဖြစ်ပါသည်။


ရုပ်ရှင်ကြည့်ရန် Channelကို Joinပါ
https://t.me/fvmdb1

ကြည့်ရန်
https://t.me/fvmdb1/129

For Ads / Business: @familyversionads

#Movie #mmsub #VELAYUDHAM"
m0077,Master,2021,action,https://encrypted-tbn0.gstatic.com/images?q=tbn:ANd9GcRckzkLfNXgJN3kmhjUf1dTIuaFNFe2YpTRjfAQt4N9hMpNt0EPCyz25fjk&s=10,https://t.me/fvmdb1/155,collection,movie,,"Ma_s_ter (2021)
IMDb: 7.8  |  Genre: Action / Thriller / Drama

ဂျေဒီဟာ ကျောင်းသားတွေရဲ့ အချစ်တော် အရက်စွဲနေတဲ့ ကောလိပ်ကထိကတစ်ဦး ဖြစ်ပါတယ်။ ကျောင်းတွင်း ရွေးကောက်ပွဲ ပဋိပက္ခတစ်ခုကြောင့် သူ့ကို လူငယ်ထိန်းသိမ်းရေးစခန်းတစ်ခုဆီ စာသင်ပေးဖို ယာယီပြောင်းရွှေ့စေလွှတ်ခြင်း ခံရပါတယ်။ အဲဒီစခန်းမှာတော့ ကလေးသူငယ်တွေကို အသုံးချပြီး ရာဇဝတ်မှုတွေ ကျူးလွန်ခိုင်းနေတဲ့ ရက်စက်ကြမ်းကြုတ်တဲ့ ဂိုဏ်းခေါင်းဆောင် ဘာဝါနီရဲ့ ရက်စက်မှုတွေကို ဂျေဒီ တွေ့ကြုံရပါတော့တယ်။

အပြစ်မဲ့တဲ့ ကလေးငယ်တွေကို ကာကွယ်စောင့်ရှောက်ဖိုနဲ့ သူကိုယ်တိုင်လည်း အရက်စွဲတဲ့ဘဝကနေ ရုန်းထွက်နိုင်ဖိုအတွက် ဂျေဒီတစ်ယောက် ဘာဝါနီရဲ့ အင်အားကြီးမားတဲ့ အမှောင်လောကကို ဘယ်လိုမျိုး အကြိတ်အနယ် ပြန်လည်ရင်ဆိုင်တိုက်ခိုက်သွားမလဲဆိုတာကို အက်ရှင်ခန်းအလန်းစားတွေနဲ့အတူ စိတ်လှုပ်ရှားဖွယ် ကြည့်ရှုရမှာ ဖြစ်ပါတယ်။"
m0078,Leo,2023,action,https://encrypted-tbn0.gstatic.com/images?q=tbn:ANd9GcSM8sJHT8rKB3xBuoE4ybDniiU99g-cqDGwJkvOCuwXNycp_tkx4gKuynY&s=10,https://t.me/fvmdb1/162,collection,movie,,"L_e_o (2023)
IMDb: 7.2  |  Genre: Action / Crime / Thriller

ပါသီဘန်ဟာ ဟီမာချယ်ပရာဒေ့ရှ်တောင်ပေါ်မြိုလေးမှာ ကော်ဖီဆိုင်ဖွင့်ရင်း ဇနီးနဲ့ သားသမီးတွေနဲ့အတူ အေးအေးချမ်းချမ်း နေထိုင်နေတဲ့ သာမန်မိသားစုဦးစီးတစ်ဦး ဖြစ်ပါတယ်။ ဒါပေမဲ့ တစ်နေ့မှာ သူ့ရဲ့ဆိုင်ကို ဓားပြတိုက်ဖို ကြိုးစားလာတဲ့ လူဆိုးတွေကို မမျှော်လင့်ဘဲ အစွမ်းပြချေမှုန်းလိုက်ရာကနေ သတင်းမီဒီယာတွေရဲ့ အာရုံစိုက်မှုကို ခံလိုက်ရပါတယ်။

ဒီသတင်းကြောင့် အန္တရာယ်ကြီးမားတဲ့ မာဖီးယားဂိုဏ်းခေါင်းဆောင်တွေက ပါသီဘန်ကို သေဆုံးသွားပြီလို ယူဆထားတဲ့ ရက်စက်ကြမ်းကြုတ်သူ လီယိုဒတ်စ် ဆိုပြီး သံသယဝင်ကာ လိုက်လံနှောင့်ယှက်လာပါတော့တယ်။ ပါသီဘန်တစ်ယောက် မိသားစုကို ဘေးအန္တရာယ်ကနေ ကာကွယ်ရင်း အတိတ်ရဲ့ လျှိဝှက်ချက်တွေကို ဘယ်လိုရင်ဆိုင်ဖြေရှင်းမလဲဆိုတာ ရင်သပ်ရှုမောဖွယ် တွေ့မြင်ရမှာ ဖြစ်ပါတယ်။

ရုပ်ရှင်ကြည့်ရန် Channelကို Joinပါ
https://t.me/addlist/58gZNGQ86uJiOWE9

ကြည့်ရန်
https://t.me/fvmdb1/162

For Ads / Business: @familyversionads

#Movie #mmsub #Leo #LeoMovie #familyversion"
m0079,Beast,2022,action,https://encrypted-tbn0.gstatic.com/images?q=tbn:ANd9GcRserMVi8HHQQeP0ZM4bfF_bIvAPTLWZL8hEGFuNHc88xRbYedcnoEd54BX&s=10,https://t.me/fvmdb1/163,collection,movie,,"Be_a_st (2022)
IMDb: 5.6  |  Genre: Action / Horror / Thriller

ဇနီးသည်ဆုံးပါးသွားပြီးနောက် စိတ်ဒဏ်ရာရနေတဲ့ ဒေါက်တာနိတ်ဆင်မြူရယ်ဟာ သမီးနှစ်ယောက်နဲ့အတူ အာဖရိကရှိ သားရိုင်းတိရစ္ဆာန်ထိန်းသိမ်းရေးစခန်းတစ်ခုဆီကို အပန်းဖြေခရီးထွက်လာခဲ့ပါတယ်။ ဒီခရီးစဉ်ဟာ သူတိုမိသားစုကြားက အဖုအထစ်တွေကို ပြေလည်စေဖိုနဲ့ အမှတ်တရကောင်းတွေ ပြန်လည်တည်ဆောက်ဖို ရည်ရွယ်ခဲ့တာ ဖြစ်ပါတယ်။

ဒါပေမဲ့ မုဆိုးတွေလက်ချက်ကြောင့် သွေးဆာနေပြီး လူသားတွေကို ရန်ငြိုးဖွဲတိုက်ခိုက်နေတဲ့ ခြင်္သေ့ဆိုးကြီးတစ်ကောင်နဲ့ မမျှော်လင့်ဘဲ ရင်ဆိုင်တွေ့ကြုံရတဲ့အခါမှာတော့ အသက်ရှင်ကျန်ရစ်ရေးအတွက် အသည်းအသန် ရုန်းကန်ကြရပါတော့တယ်။ သားသမီးတွေကို ကာကွယ်ဖို ဖခင်တစ်ယောက်ရဲ့ အစွမ်းကုန်ကြိုးစားမှုနဲ့ သဘာဝတရားရဲ့ ကြောက်မက်ဖွယ်အန္တရာယ်ကို သည်းထိတ်ရင်ဖို ကြည့်ရှုရမှာ ဖြစ်ပါတယ်။


ရုပ်ရှင်ကြည့်ရန် Channelကို Joinပါ
https://t.me/addlist/58gZNGQ86uJiOWE9

ကြည့်ရန်
https://t.me/fvmdb1/163

For Ads / Business: @familyversionads

#Movie #mmsub #Beast #Beast2022 #familyversion"
m0080,Bigil,2019,action,https://encrypted-tbn0.gstatic.com/images?q=tbn:ANd9GcQQN0ZqHFyYi1d_76ahYcXaH_rBpIkN4nlpk1bkootDkLJQ23nQkKhq6k0&s=10,https://t.me/fvmdb1/164,collection,movie,,"B_i_g_il (2019)
IMDb: 6.8  |  Genre: Action / Drama / Sport

မိုက်ကယ်လ် (ခေါ်) ဘီဂေးလ်ဟာ ထူးချွန်ထက်မြက်တဲ့ လူငယ်ဘောလုံးသမားတစ်ဦးဖြစ်ပေမဲ့ ဒေသခံဂိုဏ်းစတားဖခင်ဖြစ်သူ ရာယတ်ပန် အသတ်ခံရပြီးနောက် ဘောလုံးလောကနဲ့ ဝေးကွာကာ ဖခင်ရဲ့နေရာကို ဆက်ခံပြီး ရပ်ကွက်ကို ကာကွယ်စောင့်ရှောက်သူ ဖြစ်လာခဲ့ပါတယ်။

တစ်ရက်မှာတော့ မမျှော်လင့်တဲ့ အခြေအနေကြောင့် ပြည်နယ်အမျိုးသမီးဘောလုံးအသင်းရဲ့ နည်းပြအဖြစ် တာဝန်ယူပေးဖို အကြောင်းဖန်လာခဲ့ပါတယ်။ အတိတ်က နာကျင်စရာအရိပ်မည်းတွေကြားကနေ စိတ်ဓာတ်ကျဆင်းနေတဲ့ ကစားသမားမိန်းကလေးတွေကို စုစည်းကာ အခက်အခဲအတားအဆီးတွေကို ကျော်ဖြတ်ပြီး နိုင်ငံအဆင့်ချန်ပီယံဆုဖလားရရှိအောင် ဘယ်လိုစွမ်းဆောင်ပြမလဲဆိုတာ စိတ်လှုပ်ရှားဖွယ် ကြည့်ရှုရမှာဖြစ်ပါတယ်။


ရုပ်ရှင်ကြည့်ရန် Channelကို Joinပါ
https://t.me/addlist/58gZNGQ86uJiOWE9

ကြည့်ရန်
https://t.me/fvmdb1/164

For Ads / Business: @familyversionads

#Movie #mmsub #Bigil #TamilMovie #familyversion"
m0081,Kaththi,2014,action,https://encrypted-tbn0.gstatic.com/images?q=tbn:ANd9GcQ6pwiLCVLsfvgXUJNOxZXx4EffBJrr_5yT4UtL8HtvkR6XPCFS5Hnw4Ts&s=10,https://t.me/fvmdb1/165,collection,movie,,"Ka_th_thi (2014)
IMDb: 8.1  |  Genre: Action / Drama

ထောင်ကနေထွက်ပြေးလာတဲ့ ကသီရီဆန်ဆိုတဲ့ လူငယ်ဟာ မတော်တဆမှုတစ်ခုကြောင့် သူ့နဲ့ ရုပ်ချင်းတစ်ထေရာတည်းတူတဲ့ ဂျီဗာနန်ဒမ်ဆိုတဲ့ တက်ကြွလှုပ်ရှားသူတစ်ယောက်နဲ့ တွေ့ဆုံမိသွားပါတယ်။ ကသီရီဆန်ဟာ အခွင့်အရေးကို အသုံးချပြီး ဂျီဗာအဖြစ် ဟန်ဆောင်ကာ ကိုယ်ကျိုးရှာဖို ကြံစည်ခဲ့ပေမဲ့ ဂျီဗာရဲ့ ဘဝဇာတ်ကြောင်းနဲ့ လယ်သမားတွေရဲ့ ဆင်းရဲဒုက္ခတွေကို သိလာရတဲ့အခါမှာတော့ သူ့စိတ်ထဲ ပြောင်းလဲသွားခဲ့ပါတယ်။

ရွာသားတွေရဲ့ စိုက်ပျိုးမြေတွေကို မတရားသိမ်းယူပြီး စက်ရုံတည်ဆောက်ဖို ကြံစည်နေတဲ့ လောဘရမ္မက်ကြီးသော စီးပွားရေးလုပ်ငန်းရှင်ကြီးကို ဂျီဗာနေရာကနေ ဆက်လက်ရင်ဆိုင်ဖို သူဆုံးဖြတ်လိုက်ပါတယ်။ တောင်သူလယ်သမားတွေရဲ့ အခွင့်အရေးနဲ့ အမှန်တရားအတွက် အာဏာပိုင်တွေနဲ့ ကော်ပိုရိတ်ကုမ္ပဏီကြီးကို ပညာသားပါပါ ဘယ်လိုတန်ပြန်တိုက်ခိုက်မလဲဆိုတာကို စိတ်လှုပ်ရှားဖွယ် ကြည့်ရှုရမှာဖြစ်ပါတယ်။


ရုပ်ရှင်ကြည့်ရန် Channelကို Joinပါ
https://t.me/addlist/58gZNGQ86uJiOWE9

ကြည့်ရန်
https://t.me/fvmdb1/165

For Ads / Business: @familyversionads

#Kaththi #Action #Drama #mmsub #familyversion"
m0082,Bachchhan Paandey ,2022,"action, comedy",https://encrypted-tbn0.gstatic.com/images?q=tbn:ANd9GcRbS9kyP1qFoVv1elhvi8OVDL4GqKJO0tC_bHv_jPUqp9yEZfh-m0fS0DnI&s=10,https://t.me/fvmdb1/167,,movie,,"Bach_chhan Paan_dey (2022)
IMDb: 5.1  |  Genre: Action / Comedy / Crime

ရုပ်ရှင်ဒါရိုက်တာတစ်ဦးဖြစ်ဖို ရည်မှန်းချက်ကြီးမားတဲ့ မိုင်ရာဟာ ထူးခြားတဲ့ ဇာတ်ကားတစ်ကား ဖန်တီးနိုင်ဖိုအတွက် နာမည်ဆိုးနဲ့ကျော်ကြားတဲ့ လူဆိုးဂိုဏ်းခေါင်းဆောင် ဘာချန်ပန်ဒေးအကြောင်းကို အခြေခံပြီး ရိုက်ကူးဖို ဆုံးဖြတ်လိုက်ပါတယ်။ အချက်အလက်တွေ စုံစမ်းစုဆောင်းဖိုအတွက် သူမရဲ့ မိတ်ဆွေဖြစ်သူ ဗီရှူးနဲ့အတူ ဘာချန်ပန်ဒေး ကြီးစိုးလှုပ်ရှားရာ ဘာဂဝါမြိုဆီကို တိတ်တဆိတ် သွားရောက်ခဲ့ကြပါတယ်။

ဒါပေမဲ့ ရက်စက်ပြီး ဒေါသကြီးတဲ့ ဘာချန်ပန်ဒေးရဲ့အနီးကပ် လှုပ်ရှားမှုတွေကို စူးစမ်းရင်းကနေ သူတိုနှစ်ဦးဟာ မထင်မှတ်ထားတဲ့ အသက်အန္တရာယ်တွေ၊ အရှုပ်အထွေးတွေနဲ့ ကြုံတွေ့လာရပါတော့တယ်။ ဟာသအလွဲတွေ၊ အက်ရှင်ခန်းတွေနဲ့အတူ အဆုံးထိ စိတ်ဝင်စားဖွယ် ကြည့်ရှုရမယ့် အိန္ဒိယရုပ်ရှင်ကားကောင်းတစ်ကား ဖြစ်ပါတယ်။

ရုပ်ရှင်ကြည့်ရန် Channelကို Joinပါ
https://t.me/fvmdb1

ကြည့်ရန်
https://t.me/fvmdb1/167

For Ads / Business: @familyversionads

#BachchhanPaandey #mmsub #ActionComedy #Movie "
m0083,Singham Returns,2014,action,https://encrypted-tbn0.gstatic.com/images?q=tbn:ANd9GcSQ-HmPFWyL8ZtevRWWR0XDmR_LOcCAtqaZ7KaU9KY2l8zYJBsWszvHlPcu&s=10,https://t.me/fvmdb1/168,,movie,,"Sing_ham Re_turns (2014)
IMDb: 5.7  |  Genre: Action / Crime / Drama

မွမ်ဘိုင်းမြိုသို ပြောင်းရွှေ့တာဝန်ကျလာတဲ့ ရဲအရာရှိကြီး ဘာဂျီရာအို ဆင်းဂမ်ဟာ အကျင့်ပျက်ခြစားမှုတွေကို မဆုတ်မနစ် နှိမ်နင်းနေသူဖြစ်ပါတယ်။ တစ်ရက်မှာတော့ သူ့လက်အောက်က ရိုးသားတဲ့ရဲတပ်ဖွဲဝင်တစ်ဦးရဲ့ ရုပ်အလောင်းကို ငွေမည်းအမြောက်အမြားနဲ့အတူ မသင်္ကာဖွယ် တွေ့ရှိခဲ့ရပြီး အဲဒီနောက်ကွယ်မှာ ကြီးမားတဲ့ အကြံအစည်တွေ ရှိနေတာကို ရိပ်မိသွားပါတယ်။

ဒီအမှုကို အမှန်အတိုင်း ဖော်ထုတ်ဖို ကြိုးစားရင်း တိုင်းပြည်ရဲ့ ဩဇာကြီးမားတဲ့ နိုင်ငံရေးသမားတွေနဲ့ ဘာသာရေးခေါင်းဆောင် အတုအယောင်တွေရဲ့ မသမာတဲ့ မဟာမိတ်ဖွဲမှုကို ဆင်းဂမ်တစ်ယောက် ထိပ်တိုက်ရင်ဆိုင်ရပါတော့တယ်။ တရားမျှတမှုအတွက် အသက်စွန့်ပြီး အမှန်တရားဘက်က ရပ်တည်တိုက်ခိုက်မယ့် ရဲအရာရှိ ဆင်းဂမ်ရဲ့ ရင်ခုန်စိတ်လှုပ်ရှားဖွယ် အက်ရှင်ဇာတ်လမ်းကောင်းတစ်ပုဒ် ဖြစ်ပါတယ်။

ရုပ်ရှင်ကြည့်ရန် Channelကို Joinပါ
https://t.me/fvmdb1

ကြည့်ရန်
https://t.me/fvmdb1/168

For Ads / Business: @familyversionads

#Movie #mmsub #SinghamReturns #Bollywood #familyversion"
m0084,The Legend of Tarzan ,2016,action,https://encrypted-tbn0.gstatic.com/images?q=tbn:ANd9GcTPyCgOCeWqytyYONV3OWv3Q-P0Zmq9bUPhsnRVe5CFRf2qIFiw2hhCywLW&s=10,https://t.me/fvmdb1/169,,movie,,"The Leg_end of Tar_zan (2016)
IMDb: 6.2  |  Genre: Action / Adventure / Drama

တာဇန်ဟာ ဂျောင်ဂဲလ်တောနက်ထဲကဘဝကို စွန့်ခွာပြီး ဂျွန်ကလေတန်ဆိုတဲ့ အမည်နဲ့ လန်ဒန်မြိုမှာ ဇနီးဖြစ်သူ ဂျိန်းနဲ့အတူ အထက်တန်းစားဘဝကို အေးချမ်းစွာ ဖြတ်သန်းနေပါတယ်။ ဒါပေမဲ့ ကွန်ဂိုနယ်မြေဆီ ကုန်သွယ်ရေးသံတမန်အဖြစ် ပြန်လည်သွားရောက်ဖို ဖိတ်ကြားခံရတဲ့အခါ သူ့ရဲ့ မူလဇာစ်မြစ်ဖြစ်တဲ့ တောနက်ကြီးဆီ မလွှမရှောင်သာ ပြန်လည်ခြေချခဲ့ရပါတယ်။

အမှန်တကယ်တော့ ဒါဟာ လောဘရမ္မက်ကြီးမားတဲ့ ဘယ်လ်ဂျီယံအရာရှိ လီယွန်ရွမ်ရဲ့ အကွက်ကျကျ ထောင်ချောက်ဆင်မှုတစ်ခုဖြစ်နေခဲ့ပါတယ်။ ဇနီးဖြစ်သူ ဂျိန်းနဲ့ ဒေသခံမျိုးနွယ်စုတွေကို ကာကွယ်စောင့်ရှောက်ဖိုအတွက် တာဇန်တစ်ယောက် သူ့ရဲ့ တောတွင်းဗီဇစွမ်းရည်တွေကို ပြန်လည်နှိးဆွကာ ရန်သူတွေကို ဘယ်လိုတိုက်ခိုက်ချေမှုန်းမလဲဆိုတာ ရင်သပ်ရှုမောဖွယ် ကြည့်ရှုရမှာဖြစ်ပါတယ်။

ရုပ်ရှင်ကြည့်ရန် Channelကို Joinပါ
https://t.me/fvmdb1

ကြည့်ရန်
https://t.me/fvmdb1/169

For Ads / Business: @familyversionads

#Movie #mmsub #TheLegendofTarzan #Adventure "
m0085,Ballerina,2023,action,https://encrypted-tbn0.gstatic.com/images?q=tbn:ANd9GcT4gOMJMSyKCOtNH4uh2D-tP6VNZyr2RRbTtEJN_E9D4Uyx2KHUb5cmnGU&s=10,https://t.me/fvmdb1/171,,movie,,"Bal_le_ri_na (2023)
IMDb: 6.2  |  Genre: Action / Thriller / Crime

အိုခ်ဂျူဟာ သက်တော်စောင့်ဟောင်းတစ်ဦးဖြစ်ပြီး တိုက်ခိုက်ရေးစွမ်းရည် အလွန်ထူးချွန်သူတစ်ယောက် ဖြစ်ပါတယ်။ တစ်နေ့မှာတော့ သူမရဲ့ အချစ်ဆုံးသူငယ်ချင်း ဘဲလက်ကချေသည် မင်ဟီးဟာ ဆိုးရွားတဲ့ ရာဇဝတ်မှုတစ်ခုရဲ့ သားကောင်ဖြစ်ခဲ့ရပြီး မိမိကိုယ်ကိုယ် အဆုံးစီရင်သွားခဲ့ပါတယ်။ မင်ဟီးဟာ မသေဆုံးမီမှာ အိုခ်ဂျူဆီကို ကလဲ့စားချေပေးဖို နောက်ဆုံးတောင်းဆိုချက် ချန်ထားရစ်ခဲ့ပါတယ်။

သူငယ်ချင်းဖြစ်သူအတွက် တရားမျှတမှု ရှာဖွေပေးဖို ဆုံးဖြတ်လိုက်တဲ့ အိုခ်ဂျူဟာ ရက်စက်ကြမ်းကြုတ်တဲ့ ဒုစရိုက်ဂိုဏ်းကို တစ်ယောက်တည်း စတင်ရင်ဆိုင်ပါတော့တယ်။ ပြင်းထန်လှတဲ့ သွေးထွက်သံယို အက်ရှင်ခန်းတွေနဲ့အတူ အိုခ်ဂျူရဲ့ လက်စားချေမှုခရီးစဉ် ဘယ်လိုအဆုံးသတ်သွားမလဲဆိုတာကို ရင်သပ်ရှုမောဖွယ် စိတ်လှုပ်ရှားစွာ ကြည့်ရှုရမှာ ဖြစ်ပါတယ်။

ရုပ်ရှင်ကြည့်ရန် Channelကို Joinပါ
https://t.me/fvmdb1

ကြည့်ရန်
https://t.me/fvmdb1/171

For Ads / Business: @familyversionads

#Ballerina #mmsub #Action #Movie #familyversion"
m0086,Heads of State ,2025,action,https://encrypted-tbn0.gstatic.com/images?q=tbn:ANd9GcTbhFMtw7P1xYZ4_L0u8w0I6OVvQfnHapglgruF6s1pHkC5jvVEuziT-Vet&s=10,https://t.me/fvmdb1/172,,movie,,"He_ads of St_ate (2025)
Genre: Action / Comedy / Thriller

နိုင်ငံတကာအဆင့် အန္တရာယ်ကြီးမားတဲ့ အကြမ်းဖက်သမားတွေရဲ့ ပစ်မှတ်ထားတိုက်ခိုက်ခြင်းကို ခံလိုက်ရတဲ့ ကမ္ဘာ့ထိပ်သီးခေါင်းဆောင်နှစ်ဦး အသက်ရှင်ကျန်ရစ်ဖို မဖြစ်မနေ ပူးပေါင်းရုန်းကန်ရတဲ့ အက်ရှင်ဟာသဇာတ်လမ်း ဖြစ်ပါတယ်။ မတူညီတဲ့ စရိုက်နဲ့ နိုင်ငံရေးခံယူချက်ရှိကြတဲ့ ခေါင်းဆောင်နှစ်ယောက်ဟာ တစ်ဖက်မှာလည်း အချင်းချင်း မတည့်တကျက်ကျက် ဖြစ်နေကြပေမဲ့ အသက်ဘေးက လွတ်မြောက်ရေးနဲ့ ကမ္ဘာ့ငြိမ်းချမ်းရေးအတွက် အတူတူ တိုက်ပွဲဝင်ကြရပါတယ်။

နာမည်ကျော် အက်ရှင်မင်းသားကြီးတွေဖြစ်ကြတဲ့ Idris Elba နဲ့ John Cena တို ဦးဆောင်ပါဝင်ထားပြီး စိတ်လှုပ်ရှားဖွယ် အက်ရှင်ခန်းတွေနဲ့အတူ ရယ်မောစရာ ဟာသအလွဲတွေကို မျှတစွာ ပေါင်းစပ်တင်ဆက်ထားတဲ့ လက်မလွတ်သင့်တဲ့ ရုပ်ရှင်ကားကောင်းတစ်ကား ဖြစ်ပါတယ်။

ရုပ်ရှင်ကြည့်ရန် Channelကို Joinပါ
https://t.me/fvmdb1

ကြည့်ရန်
https://t.me/fvmdb1/172

For Ads / Business: @familyversionads

#Movie #mmsub #HeadsOfState #ActionComedy #familyversion"
m0087,Moana,2026,live action,https://encrypted-tbn0.gstatic.com/images?q=tbn:ANd9GcSZAeH_BSMoS5UVKhmAELuXa4x8_DS6d1vd5SlTo5uldHCqkrT0URjvzPw&s=10,https://t.me/fvmdb1/178,,movie,1,"Mo_a_na (2026)
Genre: Adventure / Family / Fantasy

ပစိဖိတ်သမုဒ္ဒရာကျွန်းစုလေးတစ်ခုရဲ့ ရဲရင့်တက်ကြွတဲ့ ခေါင်းဆောင်သမီးငယ် မိုအာနာဟာ သူမရဲ့ လူမျိုးစုနဲ့ ကျွန်းမြေကို ကပ်ဘေးဆိုးကြီးကနေ ကယ်တင်ဖိုအတွက် သမုဒ္ဒရာပင်လယ်ပြင်ကျယ်ကြီးဆီကို စွန့်စားမှုအပြည့်နဲ့ ရေကြောင်းခရီး စတင်ထွက်ခွာလာခဲ့ပါတယ်။

ခရီးလမ်းမှာတော့ တန်ခိုးစွမ်းအားရှင် မာဝီနဲ့အတူ ပူးပေါင်းပြီး သဘာဝလောကကြီးရဲ့ ဟန်ချက်ညီမှုကို ပြန်လည်ထိန်းညှိဖို လျှိဝှက်ဆန်းကြယ်တဲ့ ဘေးအန္တရာယ်များစွာကို ရင်ဆိုင်ကျော်ဖြတ်ရပုံကို စိတ်လှုပ်ရှားဖွယ် ရိုက်ကူးတင်ဆက်ထားတဲ့ တိုက်ရိုက်ရုပ်ရှင်ဇာတ်ကားကြီး ဖြစ်ပါတယ်။

ရုပ်ရှင်ကြည့်ရန် Channelကို Joinပါ
https://t.me/fvmdb1

ကြည့်ရန်
https://t.me/fvmdb1/178

For Ads / Business: @familyversionads

#Movie #mmsub #Moana #Moana2026 #familyversion"
m0088,Baaghi 1,2016,action,https://encrypted-tbn0.gstatic.com/images?q=tbn:ANd9GcQkLPFFe8bAjhGTdX2gRuBEdRAp-5lXI8RPFot4OM9-JAXQk9d1loNGc7U&s=10,https://t.me/fvmdb1/173,,movie,,"B_a_a_g_h_i (2016)
IMDb: 5.3  |  Genre: Action / Romance / Thriller

ရော်နီဟာ စည်းကမ်းမဲ့ပြီး ထစ်ခနဲရှိ ရန်ဖြစ်တတ်တဲ့ လူငယ်တစ်ယောက်ဖြစ်တာကြောင့် ဖခင်ဖြစ်သူရဲ့ ဆန္ဒအရ ကိုယ်ခံပညာသင်တန်းကျောင်းတစ်ခုဆီ သွားရောက်လေ့ကျင့်ရပါတယ်။ အဲဒီကျောင်းကို သွားတဲ့လမ်းမှာ စိတ်သဘောထား နူးညံ့တဲ့ ဆီယာဆိုတဲ့ မိန်းကလေးနဲ့ တွေ့ဆုံပြီး ချစ်ကျွမ်းဝင်ခဲ့ကြပါတယ်။ ဒါပေမဲ့ ဆီယာကို သဘောကျနေတဲ့ အင်အားကြီး ရက်စက်တဲ့ ကိုယ်ခံပညာချန်ပီယံ ရာဂတ်ဗ်က သူတိုနှစ်ယောက်ကြား ဝင်ရောက်နှောင့်ယှက်လာခဲ့ပါတယ်။

နောက်ပိုင်းမှာ ရာဂတ်ဗ်ဟာ ဆီယာကို ဘန်ကောက်မြိုဆီ အတင်းအဓမ္မ ပြန်ပေးဆွဲဖမ်းဆီးသွားခဲ့ပါတယ်။ ဆီယာကို ပြန်လည်ကယ်တင်ဖိုအတွက် ရော်နီတစ်ယောက် အန္တရာယ်များလှတဲ့ ရန်သူ့နယ်မြေထဲ တစ်ယောက်တည်း သွားရောက်ရင်ဆိုင်ရပါတော့တယ်။ ရော်နီဟာ မိမိရဲ့ စစ်မှန်တဲ့ အချစ်နဲ့ ကိုယ်ခံပညာစွမ်းရည်ကို အသုံးချပြီး ချစ်သူကို ကယ်ထုတ်နိုင်မလားဆိုတာ ရင်သပ်ရှုမောဖွယ် ကြည့်ရှုရမှာဖြစ်ပါတယ်။

ရုပ်ရှင်ကြည့်ရန် Channelကို Joinပါ
https://t.me/fvmdb1

ကြည့်ရန်
https://t.me/fvmdb1/173

For Ads / Business: @familyversionads

#Movie #mmsub #Baaghi #ActionMovie #familyversion"
m0089,Baaghi 2,2018,action,https://encrypted-tbn0.gstatic.com/images?q=tbn:ANd9GcRpqYJM_3qLJzbHLx35LKy5mOaF0KauTg-Yh68Eql5NhgiMhokUMQZZwX4&s=10,https://t.me/fvmdb1/174,,movie,,"Ba_a_ghi 2 (2018)
IMDb: 5.1  |  Genre: Action / Thriller

ရွန်နီဟာ အိန္ဒိယစစ်တပ်ရဲ့ ထူးချွန်တဲ့ အထူးတပ်ဖွဲဝင် စစ်သည်တစ်ယောက် ဖြစ်ပါတယ်။ တစ်နေ့မှာတော့ သူ့ရဲ့ အချစ်ဟောင်းဖြစ်သူ နေဟာဆီကနေ အကူအညီတောင်းခံတဲ့ ဖုန်းတစ်ကောလ်ကို လက်ခံရရှိခဲ့ပါတယ်။ နေဟာရဲ့ သမီးငယ်လေး ပြန်ပေးဆွဲခံရပြီးနောက် ရဲတွေကပါ ကူညီမပေးနိုင်တဲ့ အခြေအနေမှာ ရွန်နီကပဲ ကူညီဖို ဂိုအာမြိုကို ရောက်ရှိလာခဲ့ပါတယ်။

ဒါပေမဲ့ အမှုကို လိုက်စုံစမ်းရင်းနဲ့ နေဟာ့မှာ သမီးမရှိဘူးလို လူတိုင်းက ငြင်းဆိုနေကြတဲ့အခါမှာတော့ အရာအားလုံးဟာ လျှိဝှက်ဆန်းကြယ်တဲ့ ပဟေဠိတစ်ခု ဖြစ်လာပါတော့တယ်။ ရွန်နီဟာ ဖုံးကွယ်ထားတဲ့ အမှန်တရားကို ဖော်ထုတ်ပြီး ချစ်ရသူကို ကာကွယ်ဖို ရန်သူအားလုံးကို တစ်ယောက်တည်း အစွမ်းကုန် ရင်ဆိုင်တိုက်ခိုက်ရပါတော့တယ်။

ရုပ်ရှင်ကြည့်ရန် Channelကို Joinပါ
https://t.me/fvmdb1

ကြည့်ရန်
https://t.me/fvmdb1/174

For Ads / Business: @familyversionads

#Movie #mmsub #Baaghi2 #Action #familyversion"
m0090,Baaghi 3,2020,action,https://encrypted-tbn0.gstatic.com/images?q=tbn:ANd9GcTe-agoYNcUNkxCea6BeIhEpGTjHeed2vMjYYF6rZNKanngDb0DlJYyE8Om&s=10,https://t.me/fvmdb1/175,,movie,,"Ba_a_ghi 3 (2020)
IMDb: 2.2  |  Genre: Action / Adventure / Thriller

ရွန်နီနဲ့ ဗစ်ကရမ်တိုဟာ ညီအစ်ကိုနှစ်ယောက်ဖြစ်ပြီး ငယ်စဉ်ကတည်းက ရွန်နီဟာ စိတ်ထားနူးညံ့တဲ့ အစ်ကိုဖြစ်သူကို အမြဲအကာအကွယ်ပေးလာခဲ့သူပါ။ ဗစ်ကရမ်က ရဲအရာရှိဖြစ်လာပေမဲ့ အန္တရာယ်ရှိတဲ့ အမှုအခင်းတွေကြုံတိုင်း ရွန်နီကပဲ နောက်ကွယ်ကနေ လျှိဝှက်ကူညီဖြေရှင်းပေးလေ့ရှိပါတယ်။

တစ်ရက်မှာတော့ ဗစ်ကရမ်ဟာ ဆီးရီးယားနိုင်ငံဆီ အလုပ်ကိစ္စနဲ့ သွားရောက်ရင်း ရက်စက်လှတဲ့ အကြမ်းဖက်အဖွဲအစည်းတစ်ခုရဲ့ ဖမ်းဆီးခြင်းကို ခံလိုက်ရပါတယ်။ မိမိရဲ့အစ်ကိုကို ပြန်လည်ကယ်တင်ဖိုအတွက် ရွန်နီတစ်ယောက် ဆီးရီးယားမြေပေါ်ကို ရောက်ရှိသွားပြီး တစ်နိုင်ငံလုံးနီးပါးရှိတဲ့ ရန်သူအင်အားစုတွေကို တစ်ယောက်တည်း မကြောက်မရွံ ရင်ဆိုင်တိုက်ခိုက်ရပါတော့တယ်။

ရုပ်ရှင်ကြည့်ရန် Channelကို Joinပါ
https://t.me/fvmdb1

ကြည့်ရန်
https://t.me/fvmdb1/175

For Ads / Business: @familyversionads

#Baaghi3 #TigerShroff #mmsub #Movie #familyversion"
m0091,Coolie,2025,action,https://encrypted-tbn0.gstatic.com/images?q=tbn:ANd9GcTxv05rQzixYummMTmf_aFyeiu8oKb0qiVz-crEIqUoSUGCgZ3ZfrY4TFI&s=10,https://t.me/fvmdb1/176,,movie,,"C_oo_l_ie (2025)
Genre: Action / Thriller / Crime

ဒါရိုက်တာ လိုကက်ရှ် ကနကရာဂျ် ရိုက်ကူးထားပြီး နာမည်ကြီးမင်းသားကြီး ရာဂျီနီကန့် အဓိကပါဝင်သရုပ်ဆောင်ထားတဲ့ အက်ရှင်ဒရာမာရုပ်ရှင်ဖြစ်ပါတယ်။ ဒီဇာတ်ကားမှာ ဆိပ်ကမ်းနဲ့ ရွှေမှောင်ခိုလောကနောက်ခံကို အခြေတည်ထားပြီး လျှိဝှက်ဆန်းကြယ်တဲ့ အတိတ်သမိုင်းကြောင်းရှိတဲ့ လူတစ်ယောက်ရဲ့ အက်ရှင်အပြည့်နဲ့ ရင်ဆိုင်တိုက်ခိုက်မှုတွေကို အဓိကထားတင်ဆက်ထားပါတယ်။

မမျှော်လင့်ထားတဲ့ လှည့်ကွက်တွေ၊ သွေးဆူစေမယ့် တိုက်ခိုက်ခန်းတွေနဲ့အတူ ရာဂျီနီကန့်ရဲ့ ထူးခြားဆန်းသစ်တဲ့ စတိုင်လ်တွေကို တွေ့မြင်ရမှာဖြစ်ပြီး မာဖီးယားဂိုဏ်းတွေကြားက အာဏာလုပွဲနဲ့ အားပြိုင်မှုကို သည်းထိတ်ရင်ဖို ကြည့်ရှုခံစားရမယ့် ရုပ်ရှင်ဇာတ်ကားကောင်းတစ်ခု ဖြစ်ပါတယ်။"
m0092,May Day,2026,action,https://encrypted-tbn0.gstatic.com/images?q=tbn:ANd9GcT7UrzwK1U6FoBK5CEbRadGhbPIrDCluwy2lyAGkbqtsWvqRnMaeU2VmFU&s=10,https://t.me/fvmdb1/177,,movie,,"May_d_ay (2026)
Genre: Action / Adventure

ဒီဇာတ်ကားဟာ မမျှော်လင့်ထားတဲ့ လေကြောင်းအရေးပေါ်အခြေအနေနဲ့ လျှိဝှက်ဆန်းကြယ် မစ်ရှင်တစ်ခုကြားမှာ ရင်ဆိုင်ကြုံတွေ့ရမယ့် သည်းထိတ်ရင်ဖို အက်ရှင်စွန့်စားခန်း ဇာတ်လမ်းတစ်ပုဒ် ဖြစ်ပါတယ်။ ရန်သူတွေနဲ့ သဘာဝဘေးအန္တရာယ်တွေ ဝိုင်းရံနေတဲ့ အခြေအနေဆိုးထဲကနေ အသက်ရှင်လွတ်မြောက်ဖိုအတွက် အစွမ်းကုန် ကြိုးပမ်းတိုက်ခိုက်ကြရမှာ ဖြစ်ပါတယ်။

နာမည်ကြီးသရုပ်ဆောင် Ryan Reynolds နဲ့ Kenneth Branagh တို အဓိကပါဝင်ထားပြီး စိတ်လှုပ်ရှားဖွယ် ဇာတ်ကွက်ဇာတ်လမ်းတွေ၊ အထူးပြုလုပ်ချက်တွေနဲ့အတူ ပရိသတ်တွေကို ဆွဲဆောင်မှုအပြည့် ပေးစွမ်းသွားမယ့် အက်ရှင်ရုပ်ရှင်ကောင်းတစ်ခု ဖြစ်ပါတယ်။"
m0093,,,,,,,,,
m0094,,,,,,,,,